openssl,d2a,bow,svm,0
openssl,d2a,bow,lr,0
openssl,d2a,bow,knn,0
openssl,d2a,bow,rf,0
openssl,d2a,bow,xgb,0
openssl,d2a,bow,lgbm,0
openssl,d2a,subwords,svm,0
openssl,d2a,subwords,lr,0
openssl,d2a,subwords,knn,0
openssl,d2a,subwords,rf,0
openssl,d2a,subwords,xgb,0
openssl,d2a,subwords,lgbm,0
openssl,d2a,word2vec,svm,0
openssl,d2a,word2vec,lr,0
openssl,d2a,word2vec,knn,0
openssl,d2a,word2vec,rf,0
openssl,d2a,word2vec,xgb,0
openssl,d2a,word2vec,lgbm,0
openssl,d2a,fasttext,svm,0
openssl,d2a,fasttext,lr,0
openssl,d2a,fasttext,knn,0
openssl,d2a,fasttext,rf,0
openssl,d2a,fasttext,xgb,0
openssl,d2a,fasttext,lgbm,0
openssl,d2a,doc2vec,svm,0
openssl,d2a,doc2vec,lr,0
openssl,d2a,doc2vec,knn,0
openssl,d2a,doc2vec,rf,0
openssl,d2a,doc2vec,xgb,0
openssl,d2a,doc2vec,lgbm,0
openssl,d2a,codebert,svm,0
openssl,d2a,codebert,lr,0
openssl,d2a,codebert,knn,0
openssl,d2a,codebert,rf,0
openssl,d2a,codebert,xgb,0
openssl,d2a,codebert,lgbm,0
openssl,both,bow,svm,0
openssl,both,bow,lr,0
openssl,both,bow,knn,0
openssl,both,bow,rf,0
openssl,both,bow,xgb,0
openssl,both,bow,lgbm,0
openssl,both,subwords,svm,0
openssl,both,subwords,lr,0
openssl,both,subwords,knn,0
openssl,both,subwords,rf,0
openssl,both,subwords,xgb,0
openssl,both,subwords,lgbm,0
openssl,both,word2vec,svm,0
openssl,both,word2vec,lr,0
openssl,both,word2vec,knn,0
openssl,both,word2vec,rf,0
openssl,both,word2vec,xgb,0
openssl,both,word2vec,lgbm,0
openssl,both,fasttext,svm,0
openssl,both,fasttext,lr,0
openssl,both,fasttext,knn,0
openssl,both,fasttext,rf,0
openssl,both,fasttext,xgb,0
openssl,both,fasttext,lgbm,0
openssl,both,doc2vec,svm,0
openssl,both,doc2vec,lr,0
openssl,both,doc2vec,knn,0
openssl,both,doc2vec,rf,0
openssl,both,doc2vec,xgb,0
openssl,both,doc2vec,lgbm,0
openssl,both,codebert,svm,0
openssl,both,codebert,lr,0
openssl,both,codebert,knn,0
openssl,both,codebert,rf,0
openssl,both,codebert,xgb,0
openssl,both,codebert,lgbm,0
