openssl,regular,bow,svm
openssl,regular,bow,lr
openssl,regular,bow,knn
openssl,regular,bow,rf
openssl,regular,bow,xgb
openssl,regular,bow,lgbm
openssl,regular,subwords,svm
openssl,regular,subwords,lr
openssl,regular,subwords,knn
openssl,regular,subwords,rf
openssl,regular,subwords,xgb
openssl,regular,subwords,lgbm
openssl,regular,word2vec,svm
openssl,regular,word2vec,lr
openssl,regular,word2vec,knn
openssl,regular,word2vec,rf
openssl,regular,word2vec,xgb
openssl,regular,word2vec,lgbm
openssl,regular,fasttext,svm
openssl,regular,fasttext,lr
openssl,regular,fasttext,knn
openssl,regular,fasttext,rf
openssl,regular,fasttext,xgb
openssl,regular,fasttext,lgbm
openssl,regular,doc2vec,svm
openssl,regular,doc2vec,lr
openssl,regular,doc2vec,knn
openssl,regular,doc2vec,rf
openssl,regular,doc2vec,xgb
openssl,regular,doc2vec,lgbm
openssl,regular,codebert,svm
openssl,regular,codebert,lr
openssl,regular,codebert,knn
openssl,regular,codebert,rf
openssl,regular,codebert,xgb
openssl,regular,codebert,lgbm
openssl,d2a,bow,svm
openssl,d2a,bow,lr
openssl,d2a,bow,knn
openssl,d2a,bow,rf
openssl,d2a,bow,xgb
openssl,d2a,bow,lgbm
openssl,d2a,subwords,svm
openssl,d2a,subwords,lr
openssl,d2a,subwords,knn
openssl,d2a,subwords,rf
openssl,d2a,subwords,xgb
openssl,d2a,subwords,lgbm
openssl,d2a,word2vec,svm
openssl,d2a,word2vec,lr
openssl,d2a,word2vec,knn
openssl,d2a,word2vec,rf
openssl,d2a,word2vec,xgb
openssl,d2a,word2vec,lgbm
openssl,d2a,fasttext,svm
openssl,d2a,fasttext,lr
openssl,d2a,fasttext,knn
openssl,d2a,fasttext,rf
openssl,d2a,fasttext,xgb
openssl,d2a,fasttext,lgbm
openssl,d2a,doc2vec,svm
openssl,d2a,doc2vec,lr
openssl,d2a,doc2vec,knn
openssl,d2a,doc2vec,rf
openssl,d2a,doc2vec,xgb
openssl,d2a,doc2vec,lgbm
openssl,d2a,codebert,svm
openssl,d2a,codebert,lr
openssl,d2a,codebert,knn
openssl,d2a,codebert,rf
openssl,d2a,codebert,xgb
openssl,d2a,codebert,lgbm
openssl,both,bow,svm
openssl,both,bow,lr
openssl,both,bow,knn
openssl,both,bow,rf
openssl,both,bow,xgb
openssl,both,bow,lgbm
openssl,both,subwords,svm
openssl,both,subwords,lr
openssl,both,subwords,knn
openssl,both,subwords,rf
openssl,both,subwords,xgb
openssl,both,subwords,lgbm
openssl,both,word2vec,svm
openssl,both,word2vec,lr
openssl,both,word2vec,knn
openssl,both,word2vec,rf
openssl,both,word2vec,xgb
openssl,both,word2vec,lgbm
openssl,both,fasttext,svm
openssl,both,fasttext,lr
openssl,both,fasttext,knn
openssl,both,fasttext,rf
openssl,both,fasttext,xgb
openssl,both,fasttext,lgbm
openssl,both,doc2vec,svm
openssl,both,doc2vec,lr
openssl,both,doc2vec,knn
openssl,both,doc2vec,rf
openssl,both,doc2vec,xgb
openssl,both,doc2vec,lgbm
openssl,both,codebert,svm
openssl,both,codebert,lr
openssl,both,codebert,knn
openssl,both,codebert,rf
openssl,both,codebert,xgb
openssl,both,codebert,lgbm
